{
  "$schema": "https://schema.tauri.app/config/1",
  "build": {
    "beforeBuildCommand": "npm run build",
    "beforeDevCommand": "npm run dev",
    "devPath": "http://localhost:5173",
    "distDir": "../dist"
  },
  "package": {
    "productName": "Time Assistant",
    "version": "1.0.0"
  },
  "tauri": {
    "allowlist": {
      "all": false,
      "shell": {
        "all": false,
        "open": true
      },
      "window": {
        "all": true,
        "center": true,
        "close": true,
        "create": true,
        "hide": true,
        "maximize": true,
        "minimize": true,
        "print": false,
        "requestUserAttention": true,
        "setAlwaysOnTop": true,
        "setDecorations": true,
        "setFocus": true,
        "setFullscreen": true,
        "setIcon": true,
        "setPosition": true,
        "setResizable": true,
        "setSize": true,
        "setSkipTaskbar": true,
        "setTitle": true,
        "show": true,
        "startDragging": true,
        "unmaximize": true,
        "unminimize": true
      },
      "fs": {
        "all": false,
        "readFile": true,
        "writeFile": true,
        "readDir": true,
        "copyFile": true,
        "createDir": true,
        "removeDir": true,
        "removeFile": true,
        "renameFile": true,
        "exists": true,
        "scope": ["$APPDATA/*", "$APPLOCALDATA/*", "$APPCONFIG/*"]
      },
      "path": {
        "all": true
      },
      "dialog": {
        "all": true,
        "ask": true,
        "confirm": true,
        "message": true,
        "open": true,
        "save": true
      },
      "notification": {
        "all": true
      },
      "globalShortcut": {
        "all": true
      }
    },
    "bundle": {
      "active": true,
      "category": "Productivity",
      "copyright": "Copyright (c) 2025 MiniMax Agent",
      "externalBin": [],
      "icon": [
        "icons/32x32.png",
        "icons/128x128.png",
        "icons/128x128@2x.png",
        "icons/icon.ico"
      ],
      "identifier": "com.minimax.time-assistant",
      "longDescription": "一个功能强大的桌面时间管理助手，支持系统级置顶显示、计划管理、反思记录和时间跟踪。",
      "macOS": {
        "entitlements": null,
        "exceptionDomain": "",
        "frameworks": [],
        "providerShortName": null,
        "signingIdentity": null
      },
      "resources": [],
      "shortDescription": "时间管理助手",
      "targets": "all",
      "windows": {
        "certificateThumbprint": null,
        "digestAlgorithm": "sha256",
        "timestampUrl": "",
        "wix": {
          "language": "zh-CN"
        }
      }
    },
    "security": {
      "csp": null
    },
    "systemTray": {
      "iconPath": "icons/icon.png",
      "iconAsTemplate": true,
      "menuOnLeftClick": false
    },
    "updater": {
      "active": false
    },
    "windows": [
      {
        "title": "时间助手",
        "width": 420,
        "height": 680,
        "minWidth": 380,
        "minHeight": 200,
        "resizable": true,
        "fullscreen": false,
        "decorations": true,
        "center": true,
        "transparent": false,
        "alwaysOnTop": false,
        "skipTaskbar": false,
        "visible": true
      }
    ]
  }
}
